<?xml version="1.0" encoding="UTF-8"?>
<project-private xmlns="http://www.netbeans.org/ns/project-private/1">
    <editor-bookmarks xmlns="http://www.netbeans.org/ns/editor-bookmarks/2" lastBookmarkId="0"/>
    <open-files xmlns="http://www.netbeans.org/ns/projectui-open-files/2">
        <group>
            <file>file:/C:/Users/deike/OneDrive/Documentos/Mi%20proyecto%20de%20aula/MiProyectodeaula/src/Imagenes/fc_barcelona_footballteam_18015.png</file>
            <file>file:/C:/Users/deike/OneDrive/Documentos/Mi%20proyecto%20de%20aula/MiProyectodeaula/src/InicioDeSesionAPP/Sistema.java</file>
            <file>file:/C:/Users/deike/OneDrive/Documentos/Mi%20proyecto%20de%20aula/MiProyectodeaula/src/Imagenes/messi.png</file>
            <file>file:/C:/Users/deike/OneDrive/Documentos/Mi%20proyecto%20de%20aula/MiProyectodeaula/src/Imagenes/iniciar.png</file>
            <file>file:/C:/Users/deike/OneDrive/Documentos/Mi%20proyecto%20de%20aula/MiProyectodeaula/src/InicioDeSesionAPP/Ventana.java</file>
            <file>file:/C:/Users/deike/OneDrive/Documentos/Mi%20proyecto%20de%20aula/MiProyectodeaula/src/Imagenes/Betplay-bono-1.jpg</file>
            <file>file:/C:/Users/deike/OneDrive/Documentos/Mi%20proyecto%20de%20aula/MiProyectodeaula/src/Imagenes/LuisAguilarP_el_jugador_messi_jugando_en_una_cancha_de_futbol_d_530a1a17-d5c9-4667-b43f-e3e1ac9e48bd.png</file>
            <file>file:/C:/Users/deike/OneDrive/Documentos/Mi%20proyecto%20de%20aula/MiProyectodeaula/src/Imagenes/real_madrid_footballteam_18009.png</file>
            <file>file:/C:/Users/deike/OneDrive/Documentos/Mi%20proyecto%20de%20aula/MiProyectodeaula/src/Imagenes/66771.jpg</file>
            <file>file:/C:/Users/deike/OneDrive/Documentos/Mi%20proyecto%20de%20aula/MiProyectodeaula/src/Imagenes/comunicacioncasaeremita_a_flat_ilustration_of_humanized_ibis_er_69d28ef2-2c08-4992-8ad1-262289d1d0d8.png</file>
            <file>file:/C:/Users/deike/OneDrive/Documentos/Mi%20proyecto%20de%20aula/MiProyectodeaula/src/InicioDeSesionAPP/Principal.java</file>
            <file>file:/C:/Users/deike/OneDrive/Documentos/Mi%20proyecto%20de%20aula/MiProyectodeaula/src/InicioDeSesionAPP/VentanaRegistrarse.java</file>
            <file>file:/C:/Users/deike/OneDrive/Documentos/Mi%20proyecto%20de%20aula/MiProyectodeaula/src/Imagenes/fiNAL-hOME-fEMENINA.jpg</file>
            <file>file:/C:/Users/deike/OneDrive/Documentos/Mi%20proyecto%20de%20aula/MiProyectodeaula/src/Imagenes/playsoccersports_juegos_futbo_1762.png</file>
            <file>file:/C:/Users/deike/OneDrive/Documentos/Mi%20proyecto%20de%20aula/MiProyectodeaula/src/Imagenes/lovepik-silhouette-particles-of-creative-football-match-background-image_400182238.jpg</file>
            <file>file:/C:/Users/deike/OneDrive/Documentos/Mi%20proyecto%20de%20aula/MiProyectodeaula/src/Imagenes/mrjerrypv_dibuja_a_una_verdura_chile_bebiendo_cerveza__con_un_b_ce6f83e1-b78e-4821-bbb4-56c39784ca3a.png</file>
            <file>file:/C:/Users/deike/OneDrive/Documentos/Mi%20proyecto%20de%20aula/MiProyectodeaula/src/Imagenes/Betplay-Opiniones.png</file>
            <file>file:/C:/Users/deike/OneDrive/Documentos/Mi%20proyecto%20de%20aula/MiProyectodeaula/src/InicioDeSesionAPP/Ventana_InicioDeSesion.java</file>
            <file>file:/C:/Users/deike/OneDrive/Documentos/Mi%20proyecto%20de%20aula/MiProyectodeaula/src/Imagenes/football-stadium-stadium-football-real-madrid.jpg</file>
            <file>file:/C:/Users/deike/OneDrive/Documentos/Mi%20proyecto%20de%20aula/MiProyectodeaula/src/Imagenes/72351423.png</file>
        </group>
    </open-files>
</project-private>
